{
 "elp1_left_320_240": {
  "camera_matrix": [
   [
    248.11796187041935,
    0.0,
    162.60601131086807
   ],
   [
    0.0,
    246.7986164707321,
    109.3456746879984
   ],
   [
    0.0,
    0.0,
    1.0
   ]
  ],
  "dist_coefs": [
   [
    -0.4594236547565185,
    0.19410992061725302,
    0.013972045845884492,
    0.0015439685249790495,
    -0.04200478508757356
   ]
  ]
 },
 "elp1_left_640_480": {
  "camera_matrix": [
   [
    606.6943661247985,
    0.0,
    336.27082687160595
   ],
   [
    0.0,
    606.7260130622456,
    249.64725226016176
   ],
   [
    0.0,
    0.0,
    1.0
   ]
  ],
  "dist_coefs": [
   [
    -0.46545679879325086,
    0.2818520314816506,
    -0.00022343917105411903,
    -0.00039212810265585603,
    -0.1104822296435079
   ]
  ]
 },
 "elp1_right_1280_720": {
  "camera_matrix": [
   [
    793.3434095967135,
    0.0,
    647.0911953355718
   ],
   [
    0.0,
    793.2982177624598,
    359.21038571029095
   ],
   [
    0.0,
    0.0,
    1.0
   ]
  ],
  "dist_coefs": [
   [
    -0.44697535584490034,
    0.22904218279842128,
    0.0009951774844494928,
    -2.0439645597014025e-05,
    -0.06341499583315796
   ]
  ]
 },
 "elp1_left_1280_720": {
  "camera_matrix": [
   [
    794.4919891288952,
    0.0,
    661.3552270490885
   ],
   [
    0.0,
    794.678856352512,
    372.0802966444137
   ],
   [
    0.0,
    0.0,
    1.0
   ]
  ],
  "dist_coefs": [
   [
    -0.4289571294513688,
    0.18670113375300978,
    -0.00036299821759113213,
    0.000372600134405885,
    -0.03842340617232474
   ]
  ]
 },
 "elp1_right_320_240": {
  "camera_matrix": [
   [
    237.6861826321798,
    0.0,
    162.36700919322234
   ],
   [
    0.0,
    237.41941591881755,
    121.17938689372635
   ],
   [
    0.0,
    0.0,
    1.0
   ]
  ],
  "dist_coefs": [
   [
    -0.46903726322214107,
    0.30378369405608124,
    -0.0006997922396392817,
    0.00053772028510435,
    -0.11701551062258367
   ]
  ]
 },
 "elp1_right_800_600": {
  "camera_matrix": [
   [
    608.906213608775,
    0.0,
    321.06281398978444
   ],
   [
    0.0,
    608.7048680664002,
    239.5585418380519
   ],
   [
    0.0,
    0.0,
    1.0
   ]
  ],
  "dist_coefs": [
   [
    -0.4632536906092474,
    0.2613081004133073,
    0.0014207243029197903,
    0.0005587610189202172,
    -0.07512899454670156
   ]
  ]
 },
 "elp1_left_800_600": {
  "camera_matrix": [
   [
    595.3696455677525,
    0.0,
    421.71191245012795
   ],
   [
    0.0,
    595.227838369773,
    300.7718037393661
   ],
   [
    0.0,
    0.0,
    1.0
   ]
  ],
  "dist_coefs": [
   [
    -0.446086481871062,
    0.23312642629504782,
    0.0006529640791213134,
    -0.0010675879541717482,
    -0.06825077051922872
   ]
  ]
 },
 "elp1_right_640_480": {
  "camera_matrix": [
   [
    600.980164676157,
    0.0,
    320.6794324601403
   ],
   [
    0.0,
    601.1158320834597,
    242.66839937541926
   ],
   [
    0.0,
    0.0,
    1.0
   ]
  ],
  "dist_coefs": [
   [
    -0.45965863446920213,
    0.27874645672261184,
    2.3786602812977865e-05,
    0.0005112069329298304,
    -0.10979625981449942
   ]
  ]
 }
}
