{
 "elp1_right_320_240": {
  "camera_matrix": [
   [
    237.9216523346732,
    0.0,
    162.66964875313036
   ],
   [
    0.0,
    237.9216523346732,
    121.8319341355525
   ],
   [
    0.0,
    0.0,
    1.0
   ]
  ],
  "dist_coefs": [
   [
    -0.47070779623611164,
    0.30775419863475334,
    -0.001320709295522212,
    0.00022864252061203122,
    -0.11986176260540476
   ]
  ]
 },
 "elp1_right_640_480": {
  "camera_matrix": [
   [
    600.9862662720299,
    0.0,
    320.234407127221
   ],
   [
    0.0,
    600.9862662720299,
    242.0121323047996
   ],
   [
    0.0,
    0.0,
    1.0
   ]
  ],
  "dist_coefs": [
   [
    -0.4595948235549058,
    0.2782188398881187,
    0.0003603473845436643,
    0.000712435887913075,
    -0.10904216918995605
   ]
  ]
 },
 "elp1_left_800_600": {
  "camera_matrix": [
   [
    595.0485977008649,
    0.0,
    421.2771111599462
   ],
   [
    0.0,
    595.0485977008649,
    300.5649236438071
   ],
   [
    0.0,
    0.0,
    1.0
   ]
  ],
  "dist_coefs": [
   [
    -0.44563082341392657,
    0.23290240462755119,
    0.0007357164606362097,
    -0.0009409594943769438,
    -0.06822865449430958
   ]
  ]
 },
 "elp1_right_800_600": {
  "camera_matrix": [
   [
    608.4260191441251,
    0.0,
    320.7514343032706
   ],
   [
    0.0,
    608.4260191441251,
    240.06258227192254
   ],
   [
    0.0,
    0.0,
    1.0
   ]
  ],
  "dist_coefs": [
   [
    -0.46202926805947425,
    0.25883172114409886,
    0.0011291912764470756,
    0.0006936358108463027,
    -0.07282292636344355
   ]
  ]
 },
 "elp1_left_320_240": {
  "camera_matrix": [
   [
    246.39495801216856,
    0.0,
    162.7049363707765
   ],
   [
    0.0,
    246.39495801216856,
    113.24894832150974
   ],
   [
    0.0,
    0.0,
    1.0
   ]
  ],
  "dist_coefs": [
   [
    -0.45182396422235116,
    0.1899755739609795,
    0.009931829950206954,
    0.0015698093447641015,
    -0.042582215793605833
   ]
  ]
 },
 "elp1_left_640_480": {
  "camera_matrix": [
   [
    606.654821944804,
    0.0,
    336.2987356406812
   ],
   [
    0.0,
    606.654821944804,
    249.67278688873947
   ],
   [
    0.0,
    0.0,
    1.0
   ]
  ],
  "dist_coefs": [
   [
    -0.46543576069627784,
    0.2817770732905981,
    -0.00024052037522524495,
    -0.00039986707214410144,
    -0.11034004217048399
   ]
  ]
 },
 "elp1_left_1280_720": {
  "camera_matrix": [
   [
    794.3590177797531,
    0.0,
    661.4808360139211
   ],
   [
    0.0,
    794.3590177797531,
    371.70375897754485
   ],
   [
    0.0,
    0.0,
    1.0
   ]
  ],
  "dist_coefs": [
   [
    -0.4287678737167373,
    0.18629466341108475,
    -0.00022739189566514849,
    0.00032705320990004326,
    -0.03824757924944425
   ]
  ]
 },
 "elp1_right_1280_720": {
  "camera_matrix": [
   [
    793.2317896403165,
    0.0,
    647.0606262556864
   ],
   [
    0.0,
    793.2317896403165,
    359.33454844822353
   ],
   [
    0.0,
    0.0,
    1.0
   ]
  ],
  "dist_coefs": [
   [
    -0.4468589497798782,
    0.22893620528899528,
    0.0009440710058690445,
    -8.20218397199889e-06,
    -0.06335754470855859
   ]
  ]
 }
}
