{
 "elp1_left_320_240": {
  "camera_matrix": [
   [
    248.11796187041935,
    0.0,
    162.60601131086807
   ],
   [
    0.0,
    246.7986164707321,
    109.3456746879984
   ],
   [
    0.0,
    0.0,
    1.0
   ]
  ],
  "dist_coefs": [
   [
    -0.4594236547565185,
    0.19410992061725302,
    0.013972045845884492,
    0.0015439685249790495,
    -0.04200478508757356
   ]
  ]
 },
 "elp1_right_640_480": {
  "camera_matrix": [
   [
    600.980164676157,
    0.0,
    320.6794324601403
   ],
   [
    0.0,
    601.1158320834597,
    242.66839937541926
   ],
   [
    0.0,
    0.0,
    1.0
   ]
  ],
  "dist_coefs": [
   [
    -0.45965863446920213,
    0.27874645672261184,
    2.3786602812977865e-05,
    0.0005112069329298304,
    -0.10979625981449942
   ]
  ]
 },
 "elp1_right_320_240": {
  "camera_matrix": [
   [
    237.6861826321798,
    0.0,
    162.36700919322234
   ],
   [
    0.0,
    237.41941591881755,
    121.17938689372635
   ],
   [
    0.0,
    0.0,
    1.0
   ]
  ],
  "dist_coefs": [
   [
    -0.46903726322214107,
    0.30378369405608124,
    -0.0006997922396392817,
    0.00053772028510435,
    -0.11701551062258367
   ]
  ]
 },
 "elp1_left_640_480": {
  "camera_matrix": [
   [
    606.6943661247985,
    0.0,
    336.27082687160595
   ],
   [
    0.0,
    606.7260130622456,
    249.64725226016176
   ],
   [
    0.0,
    0.0,
    1.0
   ]
  ],
  "dist_coefs": [
   [
    -0.46545679879325086,
    0.2818520314816506,
    -0.00022343917105411903,
    -0.00039212810265585603,
    -0.1104822296435079
   ]
  ]
 }
}
