{
 "elp2_right_320_240": {
  "dist_coefs": [
   [
    -0.24291046566044389,
    -0.12893886369524282,
    0.0032431485546723093,
    -0.006849764534526603,
    0.13152028120272452
   ]
  ],
  "camera_matrix": [
   [
    198.60499013459375,
    0.0,
    172.55854992900754
   ],
   [
    0.0,
    196.52463216145273,
    124.02403285751764
   ],
   [
    0.0,
    0.0,
    1.0
   ]
  ]
 },
 "elp1_left_320_240": {
  "dist_coefs": [
   [
    -0.44081686398279796,
    0.2850205126361244,
    -0.01378285490807083,
    0.00030593704239362924,
    -0.15753807161921618
   ]
  ],
  "camera_matrix": [
   [
    236.79060377016359,
    0.0,
    159.3647564686138
   ],
   [
    0.0,
    237.05319081154485,
    130.4899433621213
   ],
   [
    0.0,
    0.0,
    1.0
   ]
  ]
 },
 "elp1_right_800_600": {
  "dist_coefs": [
   [
    -0.46724176470475715,
    0.2645384667437966,
    -0.0008088588109116005,
    0.0024482248417343868,
    -0.08854846427862886
   ]
  ],
  "camera_matrix": [
   [
    603.292951398158,
    0.0,
    401.38081421365604
   ],
   [
    0.0,
    604.2975522934996,
    300.65431045836095
   ],
   [
    0.0,
    0.0,
    1.0
   ]
  ]
 },
 "elp1_left_1280_720": {
  "dist_coefs": [
   [
    -0.4456936625897264,
    0.25020078902098164,
    -0.002050964021398404,
    -0.003885181683388785,
    -0.0798775872635252
   ]
  ],
  "camera_matrix": [
   [
    781.4057178859015,
    0.0,
    678.0770568621523
   ],
   [
    0.0,
    782.2111270760436,
    379.65805092856505
   ],
   [
    0.0,
    0.0,
    1.0
   ]
  ]
 },
 "elp1_right_320_240": {
  "dist_coefs": [
   [
    -0.3641387349305477,
    0.16807964987009455,
    -0.01876024963465256,
    0.007280601365621289,
    -0.07084443349392108
   ]
  ],
  "camera_matrix": [
   [
    211.22289261834976,
    0.0,
    146.57274637919818
   ],
   [
    0.0,
    211.9119983363522,
    144.56136568852475
   ],
   [
    0.0,
    0.0,
    1.0
   ]
  ]
 },
 "elp2_right_640_480": {
  "dist_coefs": [
   [
    -0.4532392904710799,
    0.26167256851893256,
    -0.004038544407829087,
    0.0024070910511427143,
    -0.10975889459097052
   ]
  ],
  "camera_matrix": [
   [
    597.4359417677128,
    0.0,
    321.3192998374177
   ],
   [
    0.0,
    598.264559276484,
    273.52945469665593
   ],
   [
    0.0,
    0.0,
    1.0
   ]
  ]
 },
 "elp1_left_800_600": {
  "dist_coefs": [
   [
    -0.572756355261967,
    0.2505182868345032,
    0.06358626425257838,
    0.0009060205388371463,
    0.04552934356706177
   ]
  ],
  "camera_matrix": [
   [
    694.2913324261876,
    0.0,
    393.2137731478517
   ],
   [
    0.0,
    663.3413926033883,
    218.98390262358387
   ],
   [
    0.0,
    0.0,
    1.0
   ]
  ]
 },
 "elp1_right_640_480": {
  "dist_coefs": [
   [
    -2.4635350754012926,
    15.864219257212014,
    -0.02719945095100594,
    -0.016752884066116764,
    -74.2284002896595
   ]
  ],
  "camera_matrix": [
   [
    1429.5688288811873,
    0.0,
    318.28316769800574
   ],
   [
    0.0,
    1426.0874061507097,
    258.96613023053715
   ],
   [
    0.0,
    0.0,
    1.0
   ]
  ]
 },
 "elp2_left_1280_720": {
  "dist_coefs": [
   [
    -1.4257889834163675,
    -16.61683181925401,
    0.038686921159844435,
    0.19165503241798973,
    64.09276509218239
   ]
  ],
  "camera_matrix": [
   [
    3505.0059247883096,
    0.0,
    618.296700528347
   ],
   [
    0.0,
    3391.932841626759,
    372.7735442233837
   ],
   [
    0.0,
    0.0,
    1.0
   ]
  ]
 },
 "elp2_left_800_600": {
  "dist_coefs": [
   [
    -0.473151662678864,
    0.28432043194307727,
    0.0012084933330744935,
    0.0005460204010966261,
    -0.0996510389154106
   ]
  ],
  "camera_matrix": [
   [
    603.1039670349089,
    0.0,
    397.5086646598595
   ],
   [
    0.0,
    602.7446358257184,
    319.3313648936525
   ],
   [
    0.0,
    0.0,
    1.0
   ]
  ]
 },
 "elp2_left_640_480": {
  "dist_coefs": [
   [
    -0.45663360248705237,
    0.26493213127967047,
    -0.0056291119233925924,
    0.002486010837109563,
    -0.09933109382764943
   ]
  ],
  "camera_matrix": [
   [
    598.356292309257,
    0.0,
    309.0816697032848
   ],
   [
    0.0,
    598.980798990667,
    276.7712618833585
   ],
   [
    0.0,
    0.0,
    1.0
   ]
  ]
 },
 "elp2_left_320_240": {
  "dist_coefs": [
   [
    -0.4783607995375217,
    0.2661986288598006,
    0.007755566577816984,
    -0.01628289629245085,
    -0.09714174709846896
   ]
  ],
  "camera_matrix": [
   [
    231.03408548532607,
    0.0,
    169.746052440635
   ],
   [
    0.0,
    229.0352271328041,
    121.9574279336489
   ],
   [
    0.0,
    0.0,
    1.0
   ]
  ]
 },
 "elp1_right_1280_720": {
  "dist_coefs": [
   [
    -0.44358642806701337,
    0.20778989939419576,
    -0.0003890147388441042,
    0.0004253176697641257,
    -0.04932502348419457
   ]
  ],
  "camera_matrix": [
   [
    804.4289162537337,
    0.0,
    648.2922899290567
   ],
   [
    0.0,
    807.5893198486611,
    364.8531644060614
   ],
   [
    0.0,
    0.0,
    1.0
   ]
  ]
 },
 "elp2_right_1280_720": {
  "dist_coefs": [
   [
    -6.658835364340541,
    221.19429496900426,
    0.1310338980363228,
    -0.06355169114218726,
    -9410.002654997419
   ]
  ],
  "camera_matrix": [
   [
    5892.623776801616,
    0.0,
    629.3227829641625
   ],
   [
    0.0,
    5640.946973929177,
    363.7704109386997
   ],
   [
    0.0,
    0.0,
    1.0
   ]
  ]
 },
 "elp1_left_640_480": {
  "dist_coefs": [
   [
    -0.4479788900574832,
    0.2595312351930065,
    -0.0003195165848525147,
    -0.0014925745512037551,
    -0.10194442117077465
   ]
  ],
  "camera_matrix": [
   [
    592.5891522957626,
    0.0,
    338.233005130176
   ],
   [
    0.0,
    592.6716216845192,
    249.4119055311057
   ],
   [
    0.0,
    0.0,
    1.0
   ]
  ]
 },
 "elp2_right_800_600": {
  "dist_coefs": [
   [
    -0.458739155159129,
    0.253829981134962,
    0.00037713685436877704,
    0.0013111188507201838,
    -0.08227577785106643
   ]
  ],
  "camera_matrix": [
   [
    598.5243395373453,
    0.0,
    406.99300516324877
   ],
   [
    0.0,
    598.4114610347988,
    319.43003114674724
   ],
   [
    0.0,
    0.0,
    1.0
   ]
  ]
 }
}
