{
    "elp1_left_800_600": {
     "dist_coefs": [
      [
       -0.4758593853901559,
       0.27343774230331025,
       0.0014655378431805929,
       0.0025300810049154634,
       -0.08659781144074657
      ]
     ],
     "camera_matrix": [
      [
       609.6755198538676,
       0.0,
       412.55901066114944
      ],
      [
       0.0,
       609.6755198538676,
       303.6394212388709
      ],
      [
       0.0,
       0.0,
       1.0
      ]
     ]
    },
    "elp1_right_640_480": {
     "dist_coefs": [
      [
       -0.9728671837042784,
       1.907303663830013,
       -0.009540275791687992,
       -0.011444352402611147,
       -3.0231424505325797
      ]
     ],
     "camera_matrix": [
      [
       889.3130768694772,
       0.0,
       332.38776254945753
      ],
      [
       0.0,
       889.3130768694772,
       252.2892226944134
      ],
      [
       0.0,
       0.0,
       1.0
      ]
     ]
    },
    "elp2_right_320_240": {
     "dist_coefs": [
      [
       -0.2175645435917916,
       -0.13158654019764426,
       -0.0019594907893250553,
       -0.00409797039039545,
       0.11576704150043719
      ]
     ],
     "camera_matrix": [
      [
       191.03478713296,
       0.0,
       172.14769574506258
      ],
      [
       0.0,
       191.03478713296,
       128.6413313605038
      ],
      [
       0.0,
       0.0,
       1.0
      ]
     ]
    },
    "elp1_right_320_240": {
     "dist_coefs": [
      [
       -0.376035810688419,
       0.18140985358326225,
       -0.017752885097942425,
       0.006806351483586885,
       -0.07891516307018535
      ]
     ],
     "camera_matrix": [
      [
       214.21109550556747,
       0.0,
       147.10333140002305
      ],
      [
       0.0,
       214.21109550556747,
       143.15480357533568
      ],
      [
       0.0,
       0.0,
       1.0
      ]
     ]
    },
    "elp2_right_1280_720": {
     "dist_coefs": [
      [
       -4.838678737033996,
       70.03915671192635,
       0.0387247107821385,
       0.11060266237194534,
       -448.1694225463657
      ]
     ],
     "camera_matrix": [
      [
       2946.883945079613,
       0.0,
       496.9657445121779
      ],
      [
       0.0,
       2946.883945079613,
       376.1189871799336
      ],
      [
       0.0,
       0.0,
       1.0
      ]
     ]
    },
    "elp2_left_640_480": {
     "dist_coefs": [
      [
       -0.46611039225883244,
       0.2803317699896855,
       -0.0037446300510362227,
       0.002751495312933301,
       -0.10706989758909655
      ]
     ],
     "camera_matrix": [
      [
       602.8873066509449,
       0.0,
       308.885595485445
      ],
      [
       0.0,
       602.8873066509449,
       272.91884825142165
      ],
      [
       0.0,
       0.0,
       1.0
      ]
     ]
    },
    "elp1_right_800_600": {
     "dist_coefs": [
      [
       -0.4693106957040764,
       0.270285702129557,
       0.0009058818045944235,
       0.002146570978694473,
       -0.09370311767808051
      ]
     ],
     "camera_matrix": [
      [
       603.8171034175051,
       0.0,
       401.73909207531307
      ],
      [
       0.0,
       603.8171034175051,
       297.40741399110243
      ],
      [
       0.0,
       0.0,
       1.0
      ]
     ]
    },
    "elp2_left_320_240": {
     "dist_coefs": [
      [
       -0.8510813989801905,
       1.1165424009300302,
       0.011576841080607796,
       -0.016215216939703923,
       -0.842063277934729
      ]
     ],
     "camera_matrix": [
      [
       300.7548442720161,
       0.0,
       166.64430626852385
      ],
      [
       0.0,
       300.7548442720161,
       127.0251471258283
      ],
      [
       0.0,
       0.0,
       1.0
      ]
     ]
    },
    "elp1_right_1280_720": {
     "dist_coefs": [
      [
       -0.4465160937893989,
       0.20785803522690005,
       -0.000119906658085893,
       0.0009776909354021176,
       -0.049100590331975856
      ]
     ],
     "camera_matrix": [
      [
       823.3447881112575,
       0.0,
       635.2935024489404
      ],
      [
       0.0,
       823.3447881112575,
       363.2173095434484
      ],
      [
       0.0,
       0.0,
       1.0
      ]
     ]
    },
    "elp1_left_1280_720": {
     "dist_coefs": [
      [
       -0.44312885895956083,
       0.24918601608896718,
       -0.0017481535536598772,
       -0.004654685292938605,
       -0.07977627466363314
      ]
     ],
     "camera_matrix": [
      [
       781.5359860572335,
       0.0,
       678.0758287278204
      ],
      [
       0.0,
       781.5359860572335,
       378.8017507902455
      ],
      [
       0.0,
       0.0,
       1.0
      ]
     ]
    },
    "elp1_left_320_240": {
     "dist_coefs": [
      [
       -0.44409634230996947,
       0.29102527059451444,
       -0.01268490241540474,
       0.00011823979822565375,
       -0.16312380927023432
      ]
     ],
     "camera_matrix": [
      [
       237.76037049593248,
       0.0,
       159.59138874479078
      ],
      [
       0.0,
       237.76037049593248,
       129.35855340254756
      ],
      [
       0.0,
       0.0,
       1.0
      ]
     ]
    },
    "elp2_right_640_480": {
     "dist_coefs": [
      [
       -0.4584334101615467,
       0.26736117198611864,
       -0.0025595706845655966,
       0.003580986002296034,
       -0.11387996690405978
      ]
     ],
     "camera_matrix": [
      [
       600.2799054717343,
       0.0,
       318.10925682438585
      ],
      [
       0.0,
       600.2799054717343,
       270.07629870041205
      ],
      [
       0.0,
       0.0,
       1.0
      ]
     ]
    },
    "elp2_left_1280_720": {
     "dist_coefs": [
      [
       -0.7864574400609845,
       0.3878318896679951,
       0.012012222747718484,
       0.052297048895167196,
       -0.3317299876973724
      ]
     ],
     "camera_matrix": [
      [
       1419.4101888905927,
       0.0,
       560.2183294156584
      ],
      [
       0.0,
       1419.4101888905927,
       379.5015635560232
      ],
      [
       0.0,
       0.0,
       1.0
      ]
     ]
    },
    "elp1_left_640_480": {
     "dist_coefs": [
      [
       -0.4483600739480779,
       0.25953105071763793,
       -0.0004003780246052429,
       -0.0015059173761619246,
       -0.10166689589987156
      ]
     ],
     "camera_matrix": [
      [
       592.9511244606442,
       0.0,
       338.41600156064925
      ],
      [
       0.0,
       592.9511244606442,
       249.56042038710217
      ],
      [
       0.0,
       0.0,
       1.0
      ]
     ]
    },
    "elp2_left_800_600": {
     "dist_coefs": [
      [
       -0.4727168233035901,
       0.2850264590201574,
       0.0005271902040870893,
       0.0007349449258307139,
       -0.10039790524576991
      ]
     ],
     "camera_matrix": [
      [
       602.4810752442811,
       0.0,
       396.795907800492
      ],
      [
       0.0,
       602.4810752442811,
       320.6537275166741
      ],
      [
       0.0,
       0.0,
       1.0
      ]
     ]
    },
    "elp2_right_800_600": {
     "dist_coefs": [
      [
       -0.45843993112769515,
       0.25328991491548086,
       0.0001746410945477153,
       0.0013418292448684726,
       -0.08191207779225311
      ]
     ],
     "camera_matrix": [
      [
       598.2803688607304,
       0.0,
       407.0522625661268
      ],
      [
       0.0,
       598.2803688607304,
       319.84643589271184
      ],
      [
       0.0,
       0.0,
       1.0
      ]
     ]
    }
   }